REF_DATE,POWER,Trend,Seasonal,Residual
1950-01-01,4081000.0,,1.1500864088759617,
1950-02-01,3780000.0,,1.0405167960449022,
1950-03-01,4186000.0,,1.0794008712993697,
1950-04-01,4070000.0,,0.9757493991878087,
1950-05-01,4425000.0,,0.9561697127631082,
1950-06-01,4313000.0,,0.9091379497536417,
1950-07-01,4201000.0,4271291.666666667,0.9246251560228697,1.0637210366821885
1950-08-01,4199000.0,4325583.333333328,0.939372975423802,1.0333873228407662
1950-09-01,4121000.0,4380750.000000002,0.9049564213839847,1.0395047516098894
1950-10-01,4395000.0,4445458.333333331,0.9834610216746326,1.0052756973097727
1950-11-01,4458000.0,4509374.999999994,1.0245096085262666,0.9649563658355126
1950-12-01,4674000.0,4555333.333333332,1.1120136790436534,0.9226955302424227
1951-01-01,4786000.0,4589708.333333332,1.1500864088759617,0.9066864703176606
1951-02-01,4378000.0,4624166.66666667,1.0405167960449022,0.9098989910730703
1951-03-01,4912000.0,4652625.000000002,1.0794008712993697,0.9780871289462826
1951-04-01,4897000.0,4686416.666666667,0.9757493991878087,1.070904917033585
1951-05-01,5132000.0,4728333.333333332,0.9561697127631082,1.1351247139579237
1951-06-01,4709000.0,4766624.999999999,0.9091379497536417,1.0866455786529832
1951-07-01,4630000.0,4805041.666666664,0.9246251560228697,1.0421209532014446
1951-08-01,4597000.0,4849833.333333339,0.939372975423802,1.0090428925628303
1951-09-01,4406000.0,4887250.0,0.9049564213839847,0.9962131531380757
1951-10-01,4921000.0,4905541.666666671,0.9834610216746326,1.0200213083602063
1951-11-01,4938000.0,4919541.666666664,1.0245096085262666,0.9797390233758675
1951-12-01,5113000.0,4939541.666666658,1.1120136790436534,0.930848514311162
1952-01-01,5269000.0,4959874.999999999,1.1500864088759617,0.9236916036965291
1952-02-01,4970000.0,4984124.999999995,1.0405167960449022,0.9583372472667889
1952-03-01,5218000.0,5024041.666666661,1.0794008712993697,0.962206038176299
1952-04-01,5030000.0,5069249.999999999,0.9757493991878087,1.0169181124680449
1952-05-01,5335000.0,5101791.666666668,0.9561697127631082,1.0936458785492928
1952-06-01,4986000.0,5131208.333333334,0.9091379497536417,1.068815736815138
1952-07-01,4841000.0,5165000.000000006,0.9246251560228697,1.0136757376972076
1952-08-01,4968000.0,5193041.666666663,0.939372975423802,1.0184078026372168
1952-09-01,4993000.0,5228333.333333334,0.9049564213839847,1.055287105850887
1952-10-01,5419000.0,5281416.666666668,0.9834610216746326,1.0433056698056862
1952-11-01,5221000.0,5328708.333333328,1.0245096085262666,0.9563474573815867
1952-12-01,5536000.0,5357958.333333338,1.1120136790436534,0.9291516873084018
1953-01-01,5657000.0,5383750.0,1.1500864088759617,0.9136309910707923
1953-02-01,5255000.0,5402958.333333341,1.0405167960449022,0.9347425382785165
1953-03-01,5780000.0,5411999.999999997,1.0794008712993697,0.989435039385468
1953-04-01,5742000.0,5419791.666666659,0.9757493991878087,1.0857811626700455
1953-05-01,5758000.0,5433041.666666667,0.9561697127631082,1.1083926616809814
1953-06-01,5265000.0,5450083.333333326,0.9091379497536417,1.0625893186785538
1953-07-01,5181000.0,5456666.666666658,0.9246251560228697,1.026881813996112
1953-08-01,5089000.0,5451374.999999999,0.939372975423802,0.993775603207947
1953-09-01,5089000.0,5446499.999999999,0.9049564213839847,1.0324933825446752
1953-10-01,5510000.0,5442208.333333334,0.9834610216746326,1.0294832478576577
1953-11-01,5448000.0,5445625.000000002,1.0245096085262666,0.9765024374538682
1953-12-01,5718000.0,5469833.333333332,1.1120136790436534,0.9400694251578243
1954-01-01,5633000.0,5499291.666666665,1.1500864088759617,0.8906406766221875
1954-02-01,5152000.0,5526583.333333338,1.0405167960449022,0.8959216601308898
1954-03-01,5766000.0,5559041.666666665,1.0794008712993697,0.9609304256599798
1954-04-01,5653000.0,5602458.333333336,0.9757493991878087,1.0340988559144688
1954-05-01,5929000.0,5659916.66666667,0.9561697127631082,1.0955606635069508
1954-06-01,5675000.0,5726416.666666674,0.9091379497536417,1.0900668539504415
1954-07-01,5478000.0,5799416.666666667,0.9246251560228697,1.0215791265298793
1954-08-01,5447000.0,5871708.3333333265,0.939372975423802,0.9875403253842255
1954-09-01,5510000.0,5942125.0,0.9049564213839847,1.0246655834079568
1954-10-01,6131000.0,6007916.666666663,0.9834610216746326,1.0376485037309773
1954-11-01,6206000.0,6067124.999999993,1.0245096085262666,0.9984188978759647
1954-12-01,6556000.0,6114041.666666664,1.1120136790436534,0.9642739207538392
1955-01-01,6547000.0,6149041.666666664,1.1500864088759617,0.9257728365197203
1955-02-01,5973000.0,6191958.333333329,1.0405167960449022,0.927076120032088
1955-03-01,6635000.0,6237666.666666673,1.0794008712993697,0.985453190784909
1955-04-01,6363000.0,6270666.666666664,0.9757493991878087,1.0399439084348794
1955-05-01,6640000.0,6306249.999999997,0.9561697127631082,1.1011891223535286
1955-06-01,6090000.0,6343666.666666671,0.9091379497536417,1.05595923177912
1955-07-01,5903000.0,6356333.333333332,0.9246251560228697,1.0043854534858185
1955-08-01,6052000.0,6363250.000000003,0.939372975423802,1.0124693181915418
1955-09-01,6002000.0,6365625.0,0.9049564213839847,1.0419029660409866
1955-10-01,6431000.0,6358791.666666671,0.9834610216746326,1.0283637548403717
1955-11-01,6760000.0,6368833.333333331,1.0245096085262666,1.0360262900673416
1955-12-01,6900000.0,6405874.999999988,1.1120136790436534,0.9686357667241163
1956-01-01,6507000.0,6464333.333333328,1.1500864088759617,0.8752388619971506
1956-02-01,6179000.0,6529833.333333328,1.0405167960449022,0.9094252406834897
1956-03-01,6486000.0,6600124.999999988,1.0794008712993697,0.9104204813526293
1956-04-01,6348000.0,6682916.666666663,0.9757493991878087,0.9734924325254983
1956-05-01,6896000.0,6747125.000000003,0.9561697127631082,1.068915841977272
1956-06-01,6723000.0,6786416.666666668,0.9091379497536417,1.089664504145133
1956-07-01,6673000.0,6872583.333333338,0.9246251560228697,1.0501114775704659
1956-08-01,6854000.0,6983583.333333327,0.939372975423802,1.0447868993821132
1956-09-01,6887000.0,7083166.666666666,0.9049564213839847,1.0744221575049184
1956-10-01,7533000.0,7184000.000000002,0.9834610216746326,1.0662142729238033
1956-11-01,7199000.0,7258874.999999996,1.0245096085262666,0.9680255493818902
1956-12-01,7404000.0,7287875.0,1.1120136790436534,0.9135984737520614
1957-01-01,8071000.0,7306833.333333327,1.1500864088759617,0.9604343290563336
1957-02-01,7279000.0,7325625.000000006,1.0405167960449022,0.9549440807894726
1957-03-01,7776000.0,7328083.333333328,1.0794008712993697,0.983066933146265
1957-04-01,7478000.0,7350208.333333325,0.9757493991878087,1.0426715398010458
1957-05-01,7563000.0,7411583.333333331,0.9561697127631082,1.06720566351068
1957-06-01,6752000.0,7486458.333333326,0.9091379497536417,0.9920332646969242
1957-07-01,7099000.0,7541208.333333325,0.9246251560228697,1.0181002226260585
1957-08-01,6879000.0,7583291.666666666,0.939372975423802,0.9656716629724906
1957-09-01,6921000.0,7634458.333333331,0.9049564213839847,1.001758310541146
1957-10-01,8030000.0,7683749.999999999,0.9834610216746326,1.0626375719484755
1957-11-01,8175000.0,7720291.666666668,1.0245096085262666,1.0335655314183678
1957-12-01,8225000.0,7766916.666666667,1.1120136790436534,0.9523073395528425
1958-01-01,8564000.0,7820291.66666667,1.1500864088759617,0.9521891676957027
1958-02-01,7796000.0,7873083.333333337,1.0405167960449022,0.9516513919269958
1958-03-01,8487000.0,7931250.0,1.0794008712993697,0.9913563629957767
1958-04-01,7950000.0,7973333.333333339,0.9757493991878087,1.0218541558162968
1958-05-01,7968000.0,7998458.333333337,0.9561697127631082,1.0418568599253382
1958-06-01,7466000.0,8036250.000000003,0.9091379497536417,1.021891437327958
1958-07-01,7666000.0,8070875.000000002,0.9246251560228697,1.0272649936809555
1958-08-01,7579000.0,8092333.333333332,0.939372975423802,0.9970113022156025
1958-09-01,7617000.0,8118541.666666668,0.9049564213839847,1.0367600777897326
1958-10-01,8344000.0,8159708.333333331,0.9834610216746326,1.039782510767091
1958-11-01,8464000.0,8219374.9999999935,1.0245096085262666,1.00512673255141
1958-12-01,8843000.0,8285875.0,1.1120136790436534,0.9597345249133784
1959-01-01,8777000.0,8337749.999999999,1.1500864088759617,0.915306945960031
1959-02-01,8098000.0,8377333.333333329,1.0405167960449022,0.9290153313224152
1959-03-01,8814000.0,8424541.66666667,1.0794008712993697,0.9692682775770881
1959-04-01,8611000.0,8478374.999999998,0.9757493991878087,1.040884820413956
1959-05-01,8739000.0,8543041.666666666,0.9561697127631082,1.0698286688425946
1959-06-01,8291000.0,8616791.666666664,0.9091379497536417,1.0583554134880002
1959-07-01,8086000.0,8700916.666666668,0.9246251560228697,1.0050855351145074
1959-08-01,8109000.0,8803333.333333332,0.939372975423802,0.9805778796797389
1959-09-01,8220000.0,8911791.666666668,0.9049564213839847,1.019246259123083
1959-10-01,9033000.0,8997500.0,0.9834610216746326,1.0208290092863905
1959-11-01,9327000.0,9057041.666666664,1.0245096085262666,1.0051701317120476
1959-12-01,9750000.0,9118416.66666666,1.1120136790436534,0.9615570417267085
1960-01-01,9889000.0,9194041.666666668,1.1500864088759617,0.9352235580705694
1960-02-01,9444000.0,9285208.33333333,1.0405167960449022,0.9774965447056739
1960-03-01,10071000.0,9379083.33333332,1.0794008712993697,0.9947854787362683
1960-04-01,9411000.0,9444958.333333334,0.9757493991878087,1.0211685584697734
1960-05-01,9368000.0,9478666.666666664,0.9561697127631082,1.0336289109462353
1960-06-01,9135000.0,9496499.999999998,0.9091379497536417,1.0580719286046674
1960-07-01,9057000.0,9507499.999999998,0.9246251560228697,1.0302730239423066
1960-08-01,9326000.0,9493916.666666662,0.939372975423802,1.0457116197379215
1960-09-01,9256000.0,9467666.666666664,0.9049564213839847,1.080320757554679
1960-10-01,9578000.0,9459499.999999998,0.9834610216746326,1.0295548749308763
1960-11-01,9591000.0,9473208.333333332,1.0245096085262666,0.9882134642533347
1960-12-01,9914000.0,9477041.666666672,1.1120136790436534,0.9407321682228964
1961-01-01,9989000.0,9450250.0,1.1500864088759617,0.9190692679057868
1961-02-01,9018000.0,9412458.333333338,1.0405167960449022,0.9207846468845853
1961-03-01,9867000.0,9380958.33333333,1.0794008712993697,0.974440120732778
1961-04-01,9419000.0,9376624.999999994,0.9757493991878087,1.0294848426299312
1961-05-01,9689000.0,9393875.000000004,0.9561697127631082,1.0786963170316775
1961-06-01,8906000.0,9419708.33333333,0.9091379497536417,1.0399571576066524
1961-07-01,8643000.0,9460541.666666659,0.9246251560228697,0.9880588334759789
1961-08-01,8833000.0,9511750.000000004,0.939372975423802,0.9885752686359088
1961-09-01,8993000.0,9555833.333333336,0.9049564213839847,1.0399401862504851
1961-10-01,9737000.0,9585750.0,0.9834610216746326,1.0328610970338064
1961-11-01,9846000.0,9610333.333333336,1.0245096085262666,1.000012305540388
1961-12-01,10279000.0,9641333.333333336,1.1120136790436534,0.9587461617823332
1962-01-01,10604000.0,9674541.666666668,1.1500864088759617,0.9530349959555897
1962-02-01,9632000.0,9707708.333333334,1.0405167960449022,0.9535657842736591
1962-03-01,10311000.0,9728458.33333334,1.0794008712993697,0.9819152372052086
1962-04-01,9693000.0,9737458.33333334,0.9757493991878087,1.0201741336382597
1962-05-01,10005000.0,9750583.33333334,0.9561697127631082,1.073127962861045
1962-06-01,9334000.0,9753875.000000006,0.9091379497536417,1.0525938402592934
1962-07-01,9012000.0,9754000.0,0.9246251560228697,0.9992467094803433
1962-08-01,9260000.0,9758708.333333334,0.939372975423802,1.0101377155644122
1962-09-01,9064000.0,9759916.666666672,0.9049564213839847,1.0262333434947504
1962-10-01,9882000.0,9767999.999999998,0.9834610216746326,1.0286841464729266
1962-11-01,10016000.0,9782833.333333328,1.0245096085262666,0.9993408153410832
1962-12-01,10188000.0,9794999.999999998,1.1120136790436534,0.935350464735264
1963-01-01,10698000.0,9818125.0,1.1500864088759617,0.9474222183291401
1963-02-01,9651000.0,9856624.999999998,1.0405167960449022,0.941011620845902
1963-03-01,10321000.0,9904458.333333336,1.0794008712993697,0.9654022005937662
1963-04-01,9877000.0,9951708.333333328,0.9757493991878087,1.017159646238933
1963-05-01,10177000.0,9999458.33333333,0.9561697127631082,1.0644084568017878
1963-06-01,9454000.0,10078333.333333336,0.9091379497536417,1.0318037288283415
1963-07-01,9447000.0,10169958.333333334,0.9246251560228697,1.0046366944394194
1963-08-01,9749000.0,10260875.0,0.939372975423802,1.0114341463918703
1963-09-01,9723000.0,10354208.33333334,0.9049564213839847,1.037661540937141
1963-10-01,10357000.0,10437416.66666667,0.9834610216746326,1.008982893879994
1963-11-01,10687000.0,10500624.999999994,1.0245096085262666,0.9934010721278407
1963-12-01,11410000.0,10565333.333333323,1.1120136790436534,0.9711634099638065
1964-01-01,11675000.0,10656291.666666668,1.1500864088759617,0.9526213688869748
1964-02-01,10856000.0,10745541.666666659,1.0405167960449022,0.9709400759548157
1964-03-01,11356000.0,10832249.999999993,1.0794008712993697,0.9712341511111222
1964-04-01,10839000.0,10938458.333333334,0.9757493991878087,1.0155347922026672
1964-05-01,10732000.0,11047208.333333336,0.9561697127631082,1.0159986637118064
1964-06-01,10452000.0,11143791.66666667,0.9091379497536417,1.0316600897765071
1964-07-01,10632000.0,11229875.000000006,0.9246251560228697,1.0239396035342156
1964-08-01,10706000.0,11294916.666666668,0.939372975423802,1.0090348033485599
1964-09-01,10847000.0,11364708.33333333,0.9049564213839847,1.0546872107621106
1964-10-01,11782000.0,11433333.333333336,0.9834610216746326,1.047825591569897
1964-11-01,11872000.0,11484708.333333336,1.0245096085262666,1.0089923692428504
1964-12-01,12543000.0,11524333.33333334,1.1120136790436534,0.9787583524170151
1965-01-01,12608000.0,11545833.333333336,1.1500864088759617,0.9494901087481596
1965-02-01,11484000.0,11585250.0,1.0405167960449022,0.9526616414920438
1965-03-01,12403000.0,11646874.999999994,1.0794008712993697,0.9865851290123371
1965-04-01,11439000.0,11710083.333333328,0.9757493991878087,1.0011284003652805
1965-05-01,11365000.0,11789250.0,0.9561697127631082,1.0082036831823586
1965-06-01,10770000.0,11882833.333333328,0.9091379497536417,0.9969328593276892
1965-07-01,10830000.0,11985708.33333333,0.9246251560228697,0.9772350754147112
1965-08-01,11454000.0,12087666.666666668,0.939372975423802,1.0087339590366236
1965-09-01,11578000.0,12183666.666666668,0.9049564213839847,1.0500932590106986
1965-10-01,12568000.0,12279874.999999998,0.9834610216746326,1.0406748861031196
1965-11-01,12986000.0,12386041.666666675,1.0245096085262666,1.0233562022564289
1965-12-01,13675000.0,12506749.999999998,1.1120136790436534,0.9832698818764302
1966-01-01,13945000.0,12608458.333333332,1.1500864088759617,0.9616699815824854
1966-02-01,12594000.0,12698500.0,1.0405167960449022,0.9531520157544535
1966-03-01,13597000.0,12790416.66666667,1.0794008712993697,0.9848625892605665
1966-04-01,12554000.0,12875875.000000006,0.9757493991878087,0.9992337169002969
1966-05-01,12798000.0,12965750.000000004,0.9561697127631082,1.0323084429409721
1966-06-01,12234000.0,13064083.333333332,0.9091379497536417,1.0300534176921021
1966-07-01,11807000.0,13156666.666666668,0.9246251560228697,0.9705725103394853
1966-08-01,12638000.0,13245416.666666662,0.939372975423802,1.0157215447098698
1966-09-01,12600000.0,13332750.0,0.9049564213839847,1.044294866833013
1966-10-01,13597000.0,13406333.333333327,0.9834610216746326,1.0312784253414926
1966-11-01,14114000.0,13469083.333333327,1.0245096085262666,1.0228125243645563
1966-12-01,14907000.0,13517583.333333334,1.1120136790436534,0.9917017195342333
1967-01-01,14935000.0,13563791.66666667,1.1500864088759617,0.9574004893514922
1967-02-01,13734000.0,13604249.999999994,1.0405167960449022,0.9702269723634819
1967-03-01,14553000.0,13620666.666666662,1.0794008712993697,0.9898545878239048
1967-04-01,13364000.0,13638374.999999998,0.9757493991878087,1.0042354469985073
1967-05-01,13494000.0,13676000.0,0.9561697127631082,1.0319214277952968
1967-06-01,12702000.0,13715374.999999998,0.9091379497536417,1.0186726246789646
1967-07-01,12448000.0,13777041.666666664,0.9246251560228697,0.9771874996835705
1967-08-01,12968000.0,13871041.66666667,0.939372975423802,0.9952355108620006
1967-09-01,12664000.0,13934958.33333334,0.9049564213839847,1.0042401052472605
1967-10-01,13958000.0,13977666.666666657,0.9834610216746326,1.0153864480410277
1967-11-01,14656000.0,14029124.999999994,1.0245096085262666,1.0196915858090865
1967-12-01,15310000.0,14077666.666666655,1.1120136790436534,0.9779899308240149
1968-01-01,16012000.0,14144499.999999998,1.1500864088759617,0.9843000569148453
1968-02-01,14913000.0,14218916.666666659,1.0405167960449022,1.0079741949592729
1968-03-01,14908000.0,14293374.99999999,1.0794008712993697,0.9662774216811266
1968-04-01,14034000.0,14380625.000000004,0.9757493991878087,1.000150642349441
1968-05-01,14059000.0,14459750.000000006,0.9561697127631082,1.0168541456066638
1968-06-01,13302000.0,14553958.333333336,0.9091379497536417,1.0053239513845094
1968-07-01,13452000.0,14667166.666666668,0.9246251560228697,0.9919160707574921
1968-08-01,13750000.0,14742875.0,0.939372975423802,0.9928472858939861
1968-09-01,13669000.0,14835125.0,0.9049564213839847,1.018164305146453
1968-10-01,15047000.0,14961583.333333328,0.9834610216746326,1.0226221922697931
1968-11-01,15466000.0,15078291.666666668,1.0245096085262666,1.0011746166506268
1968-12-01,16761000.0,15189166.666666672,1.1120136790436534,0.9923293781781737
1969-01-01,17278000.0,15283958.33333334,1.1500864088759617,0.9829403274669793
1969-02-01,15464000.0,15374374.999999998,1.0405167960449022,0.9666634013863976
1969-03-01,16571000.0,15478083.333333332,1.0794008712993697,0.9918563371748726
1969-04-01,15406000.0,15585416.666666662,0.9757493991878087,1.0130553714442865
1969-05-01,15488000.0,15684708.333333334,0.9561697127631082,1.032723143588418
1969-06-01,14534000.0,15783874.999999987,0.9091379497536417,1.0128420795985664
1969-07-01,14495000.0,15900624.999999998,0.9246251560228697,0.9859123785228363
1969-08-01,14877000.0,16027750.000000006,0.939372975423802,0.9881087414854471
1969-09-01,15031000.0,16142708.333333334,0.9049564213839847,1.0289252114810625
1969-10-01,16261000.0,16250708.333333328,0.9834610216746326,1.0174610723502044
1969-11-01,16635000.0,16344416.666666668,1.0245096085262666,0.9934301676656028
1969-12-01,17972000.0,16435958.333333336,1.1120136790436534,0.9833117951678145
1970-01-01,18869000.0,16537041.666666673,1.1500864088759617,0.9921117486755333
1970-02-01,16924000.0,16621124.99999999,1.0405167960449022,0.9785736244569778
1970-03-01,17870000.0,16685541.66666667,1.0794008712993697,0.9922051534125281
1970-04-01,16699000.0,16747083.333333345,0.9757493991878087,1.0219108042627505
1970-05-01,16444000.0,16814666.66666667,0.9561697127631082,1.0227847001010495
1970-06-01,15775000.0,16912666.66666667,0.9091379497536417,1.025953061574114
1970-07-01,15680000.0,17017374.999999996,0.9246251560228697,0.9965240494730743
1970-08-01,15710000.0,17097124.999999993,0.939372975423802,0.9781715701459401
1970-09-01,15744000.0,17186958.333333343,0.9049564213839847,1.0122514112896324
1970-10-01,17025000.0,17261583.333333325,0.9834610216746326,1.0028808522255706
1970-11-01,17493000.0,17312374.999999996,1.0245096085262666,0.9862604312520569
1970-12-01,19466000.0,17368416.666666664,1.1120136790436534,1.0078742744930047
1971-01-01,19888000.0,17412708.33333334,1.1500864088759617,0.9931030473484731
1971-02-01,17819000.0,17472958.333333336,1.0405167960449022,0.9800941377709038
1971-03-01,19131000.0,17563791.666666668,1.0794008712993697,1.0091056326683279
1971-04-01,17229000.0,17662000.000000004,0.9757493991878087,0.9997280971415279
1971-05-01,17133000.0,17773166.666666668,0.9561697127631082,1.008169647895983
1971-06-01,16431000.0,17880499.999999996,0.9091379497536417,1.0107751354260053
1971-07-01,16087000.0,17980541.666666668,0.9246251560228697,0.9676238984002782
1971-08-01,16749000.0,18130541.666666668,0.939372975423802,0.9834222758153479
1971-09-01,16885000.0,18293750.000000004,0.9049564213839847,1.019930687940695
1971-10-01,18241000.0,18430875.0,0.9834610216746326,1.0063418593773616
1971-11-01,18945000.0,18586666.666666668,1.0245096085262666,0.9948945764899734
1971-12-01,20590000.0,18750416.666666657,1.1120136790436534,0.9874958839148771
1972-01-01,21165000.0,18906708.333333336,1.1500864088759617,0.9733563736653792
1972-02-01,20142000.0,19049041.666666657,1.0405167960449022,1.016202747756834
1972-03-01,20725000.0,19178541.66666666,1.0794008712993697,1.0011431830470294
1972-04-01,18926000.0,19342458.333333336,0.9757493991878087,1.0027874110897936
1972-05-01,19175000.0,19543208.333333336,0.9561697127631082,1.0261350634602808
1972-06-01,18319000.0,19723541.666666664,0.9091379497536417,1.0216145604896956
1972-07-01,17950000.0,19912833.333333336,0.9246251560228697,0.9749126129612211
1972-08-01,18302000.0,20099624.999999996,0.939372975423802,0.9693319646648487
1972-09-01,18440000.0,20273333.333333336,0.9049564213839847,1.0050972612140399
1972-10-01,20620000.0,20459166.66666666,0.9834610216746326,1.024810505657712
1972-11-01,21384000.0,20624625.000000007,1.0245096085262666,1.012014765525997
1972-12-01,22479000.0,20792041.66666667,1.1120136790436534,0.9722315737353233
1973-01-01,23819000.0,20996416.666666668,1.1500864088759617,0.9863882053911246
1973-02-01,21971000.0,21206583.33333333,1.0405167960449022,0.9957034814664841
1973-03-01,23065000.0,21354083.33333333,1.0794008712993697,1.0006674230102868
1973-04-01,21046000.0,21450458.333333325,0.9757493991878087,1.0055292243636886
1973-05-01,21026000.0,21580958.333333332,0.9561697127631082,1.0189454885670741
1973-06-01,20486000.0,21761249.99999999,0.9091379497536417,1.0354843592883407
1973-07-01,20688000.0,21959416.66666666,0.9246251560228697,1.0189010347178442
1973-08-01,20608000.0,22136250.0,0.939372975423802,0.9910458170185786
1973-09-01,19674000.0,22316875.0,0.9049564213839847,0.9741629767764952
1973-10-01,21699000.0,22497208.333333336,0.9834610216746326,0.980740111329309
1973-11-01,23437000.0,22635166.666666668,1.0245096085262666,1.0106535074368057
1973-12-01,24753000.0,22719041.66666667,1.1120136790436534,0.9797780465708206
1974-01-01,26301000.0,22764791.666666668,1.1500864088759617,1.0045651550142216
1974-02-01,23733000.0,22839916.666666668,1.0405167960449022,0.998640164907023
1974-03-01,25638000.0,22950583.333333336,1.0794008712993697,1.0349220746842789
1974-04-01,22801000.0,23093208.33333334,0.9757493991878087,1.0118853971800086
1974-05-01,22582000.0,23190416.666666668,0.9561697127631082,1.0184011199880028
1974-06-01,20943000.0,23236500.000000007,0.9091379497536417,0.9913759818748106
1974-07-01,21329000.0,23277333.333333336,0.9246251560228697,0.990995228622414
1974-08-01,21770000.0,23293916.666666664,0.939372975423802,0.9948963777080694
1974-09-01,21168000.0,23270250.000000004,0.9049564213839847,1.005196833213652
1974-10-01,23628000.0,23241624.99999999,0.9834610216746326,1.0337209563733791
1974-11-01,23841000.0,23191458.333333325,1.0245096085262666,1.003414500806693
1974-12-01,25455000.0,23118208.333333336,1.1120136790436534,0.990167799011432
1975-01-01,26579000.0,23050916.66666667,1.1500864088759617,1.0025821433330924
1975-02-01,23853000.0,22961458.33333333,1.0405167960449022,0.9983767198360562
1975-03-01,24950000.0,22884250.0,1.0794008712993697,1.0100691388105925
1975-04-01,22802000.0,22792791.66666666,0.9757493991878087,1.0252673512573605
1975-05-01,21377000.0,22695833.333333336,0.9561697127631082,0.9850667058094458
1975-06-01,20390000.0,22689666.66666667,0.9091379497536417,0.9884605096677215
1975-07-01,20267000.0,22761416.666666668,0.9246251560228697,0.9629959785493374
1975-08-01,20685000.0,22852166.66666667,0.939372975423802,0.9635851103040108
1975-09-01,20400000.0,22981208.333333336,0.9049564213839847,0.98091108313103
1975-10-01,22201000.0,23091166.666666664,0.9834610216746326,0.9776187199053488
1975-11-01,22941000.0,23211916.66666666,1.0245096085262666,0.9646845127448354
1975-12-01,26207000.0,23376208.333333325,1.1120136790436534,1.0081684677212315
1976-01-01,27549000.0,23489875.0,1.1500864088759617,1.0197522262545804
1976-02-01,25061000.0,23569833.333333325,1.0405167960449022,1.0218632720150722
1976-03-01,26839000.0,23659291.666666653,1.0794008712993697,1.050949451468152
1976-04-01,23552000.0,23808291.666666668,0.9757493991878087,1.0138209603251103
1976-05-01,23525000.0,24042125.0,0.9561697127631082,1.0233443550126506
1976-06-01,22185000.0,24311166.666666668,0.9091379497536417,1.0037460417850415
1976-07-01,21200000.0,24585165.125,0.9246251560228697,0.9326034686098483
1976-08-01,21671000.0,24788078.375,0.939372975423802,0.9306749606242567
1976-09-01,21561000.0,24880491.5,0.9049564213839847,0.9575959005253417
1976-10-01,24616000.0,24971616.75,0.9834610216746326,1.0023367883668537
1976-11-01,26138000.0,25063243.083333336,1.0245096085262666,1.017932666422629
1976-12-01,29467000.0,25136914.333333336,1.1120136790436534,1.0541777084768815
1977-01-01,30864963.0,25292242.416666668,1.1500864088759617,1.061079572542305
1977-02-01,26614955.0,25518259.208333336,1.0405167960449022,1.0023643141262495
1977-03-01,27502960.0,25720493.375,1.0794008712993697,0.9906434624728208
1977-04-01,25075046.0,25889041.666666664,0.9757493991878087,0.9926301708706131
1977-05-01,24200986.0,26065304.874999996,0.9561697127631082,0.9710358595262317
1977-06-01,23277124.0,26278721.374999996,0.9091379497536417,0.9743058342857857
1977-07-01,23835750.0,26503005.041666664,0.9246251560228697,0.9726755462110971
1977-08-01,24459653.0,26759850.333333336,0.939372975423802,0.9730351959174101
1977-09-01,23625967.0,27048727.5,0.9049564213839847,0.965195055222341
1977-10-01,26596192.0,27243261.75,0.9834610216746326,0.9926661315647068
1977-11-01,28388125.0,27343107.708333343,1.0245096085262666,1.0133810989532614
1977-12-01,32338871.0,27421122.58333334,1.1120136790436534,1.0605459604474063
1978-01-01,33375900.0,27465892.45833334,1.1500864088759617,1.0565956030126247
1978-02-01,30268305.0,27513382.333333336,1.0405167960449022,1.057292187703245
1978-03-01,30782662.0,27620432.41666667,1.0794008712993697,1.0325068365716539
1978-04-01,26464166.0,27731633.62500001,0.9757493991878087,0.978012635241151
1978-05-01,25208169.0,27806921.166666668,0.9561697127631082,0.9480983987048435
1978-06-01,24142298.0,27904837.375,0.9091379497536417,0.9516326274869583
1978-07-01,24045053.0,28028431.916666668,0.9246251560228697,0.9278146643195068
1978-08-01,25390107.0,28152538.124999996,0.939372975423802,0.9600832964589509
1978-09-01,25264715.0,28248371.333333336,0.9049564213839847,0.9883103055007334
1978-10-01,27626273.0,28355166.541666668,0.9834610216746326,0.9906789721449608
1978-11-01,29164945.0,28533966.499999996,1.0245096085262666,0.9976609621502593
1978-12-01,33912040.0,28704035.91666667,1.1120136790436534,1.0624312133764633
1979-01-01,34769000.0,28843070.583333336,1.1500864088759617,1.048142270651412
1979-02-01,31853754.0,28974777.041666668,1.0405167960449022,1.0565533320321299
1979-03-01,31497210.0,29054889.583333343,1.0794008712993697,1.0043153311562238
1979-04-01,28312703.0,29149842.583333336,0.9757493991878087,0.9954210647438263
1979-05-01,27650831.0,29302413.541666668,0.9561697127631082,0.986892416077315
1979-06-01,25781302.0,29366506.291666668,0.9091379497536417,0.9656567432007437
1979-07-01,25742881.0,29392436.958333336,0.9246251560228697,0.9472308821742863
1979-08-01,26853234.0,29500776.791666668,0.939372975423802,0.9690029133175706
1979-09-01,25724289.0,29685715.541666664,0.9049564213839847,0.9575648426323338
1979-10-01,29445571.0,29829057.66666667,0.9834610216746326,1.003744768776542
1979-11-01,31007350.0,29850467.749999996,1.0245096085262666,1.0139054903315796
1979-12-01,33607861.0,29833978.958333336,1.1120136790436534,1.0130236013322806
1980-01-01,35695515.0,29869004.416666668,1.1500864088759617,1.039112176172788
1980-02-01,33527395.0,29942656.249999996,1.0405167960449022,1.0761192284125047
1980-03-01,34262099.0,30037661.708333325,1.0794008712993697,1.056732536644911
1980-04-01,28988025.0,30159212.666666668,0.9757493991878087,0.9850546715444474
1980-05-01,27489351.0,30269757.25,0.9561697127631082,0.9497746316992437
1980-06-01,25547051.0,30440656.5,0.9091379497536417,0.9231174780177639
1980-07-01,26817743.0,30601450.333333343,0.9246251560228697,0.9477952099516388
1980-08-01,27546016.0,30613417.583333336,0.939372975423802,0.9578751750800627
1980-09-01,27311638.0,30600792.625,0.9049564213839847,0.9862508844170464
1980-10-01,30775445.0,30676714.833333336,0.9834610216746326,1.02008964799903
1980-11-01,32330546.0,30804060.708333336,1.0245096085262666,1.024445909229714
1980-12-01,36386247.0,30963855.583333343,1.1120136790436534,1.056749620360357
1981-01-01,36776181.0,31123650.16666667,1.1500864088759617,1.0274143608080233
1981-02-01,32733943.0,31248171.500000007,1.0405167960449022,1.0067569058754189
1981-03-01,34752552.0,31354249.000000007,1.0794008712993697,1.0268512463551351
1981-04-01,30319705.0,31453613.791666664,0.9757493991878087,0.9879071507346115
1981-05-01,29213972.0,31534358.625,0.9561697127631082,0.9688836412829916
1981-06-01,27657507.0,31556709.5,0.9091379497536417,0.9640321827036311
1981-07-01,28542357.0,31672294.58333333,0.9246251560228697,0.9746408293466363
1981-08-01,28809914.0,31864683.875000007,0.939372975423802,0.9624856998535826
1981-09-01,28593600.0,31934173.791666668,0.9049564213839847,0.9894309402491709
1981-10-01,31878238.0,31966877.666666664,0.9834610216746326,1.0139976250473262
1981-11-01,33165629.0,31977479.79166668,1.0245096085262666,1.0123436644938029
1981-12-01,36087585.0,31904508.125,1.1120136790436534,1.0171749043751221
1982-01-01,39848885.0,31760981.541666668,1.1500864088759617,1.0909171956947865
1982-02-01,34278582.0,31652626.5,1.0405167960449022,1.0407921310587889
1982-03-01,34875671.0,31607032.958333336,1.0794008712993697,1.0222475503094017
1982-04-01,30981479.0,31531788.54166667,0.9757493991878087,1.0069670235368344
1982-05-01,28806649.0,31470257.666666668,0.9561697127631082,0.9573207207166348
1982-06-01,26313510.0,31416478.16666667,0.9091379497536417,0.921279692139939
1982-07-01,26441716.0,31248927.0,0.9246251560228697,0.9151427044507143
1982-08-01,28310034.0,31094011.45833333,0.939372975423802,0.9692271581717059
1982-09-01,27999235.0,31063561.5,0.9049564213839847,0.9960181503413261
1982-10-01,30666737.0,31072169.583333336,0.9834610216746326,1.0035495911349084
1982-11-01,32900389.0,31127731.916666664,1.0245096085262666,1.0316622028457807
1982-12-01,35062117.0,31293606.5,1.1120136790436534,1.0075634104959723
1983-01-01,36853125.0,31533427.125000007,1.1500864088759617,1.016184755754884
1983-02-01,33556369.0,31757877.58333334,1.0405167960449022,1.0154870656588313
1983-03-01,34867085.0,31964019.708333347,1.0794008712993697,1.010581832205615
1983-04-01,31196659.0,32166945.25,0.9757493991878087,0.9939395531974728
1983-05-01,29924965.0,32375962.374999996,0.9561697127631082,0.9666649710934553
1983-06-01,29176184.0,32719829.0,0.9091379497536417,0.980816305635928
1983-07-01,29334737.0,33158247.625,0.9246251560228697,0.9568082765804663
1983-08-01,30803824.0,33470469.41666667,0.939372975423802,0.9797263036726048
1983-09-01,30452856.0,33732613.291666664,0.9049564213839847,0.9975860678522143
1983-10-01,33083329.0,33975672.54166668,0.9834610216746326,0.9901112376321125
1983-11-01,35500208.0,34205980.25,1.0245096085262666,1.013007874139914
1983-12-01,40715097.0,34429196.833333336,1.1120136790436534,1.0634533719365702
1984-01-01,41722192.0,34608656.87499999,1.1500864088759617,1.0482186947510315
1984-02-01,36180625.0,34827479.666666664,1.0405167960449022,0.9984008048608504
1984-03-01,38534282.0,34985955.58333333,1.0794008712993697,1.0204007439103693
1984-04-01,33362884.0,35113902.62499999,0.9757493991878087,0.9737471340858563
1984-05-01,33286125.0,35298770.08333333,0.9561697127631082,0.9862083679989752
1984-06-01,31172222.0,35398021.08333333,0.9091379497536417,0.9686323965141601
1984-07-01,31645740.0,35498465.50000001,0.9246251560228697,0.9641397099988027
1984-08-01,33744568.0,35693133.0,0.939372975423802,1.0064243608361167
1984-09-01,31315534.0,35886706.833333336,0.9049564213839847,0.9642697636022287
1984-10-01,35291380.0,36059256.708333336,0.9834610216746326,0.9951641413525047
1984-11-01,37728976.0,36165574.25,1.0245096085262666,1.0182715664252222
1984-12-01,40868353.0,36230018.45833334,1.1120136790436534,1.0143981559457897
1985-01-01,43979602.0,36346040.08333333,1.1500864088759617,1.0521162356013052
1985-02-01,38595235.0,36457384.29166667,1.0405167960449022,1.0174172308637701
1985-03-01,40765444.0,36563321.20833334,1.0794008712993697,1.032913074710168
1985-04-01,35272919.0,36672104.541666664,0.9757493991878087,0.9857511094200613
1985-05-01,33927711.0,36803570.58333333,0.9561697127631082,0.9641167370137764
1985-06-01,32077297.0,37050086.20833333,0.9091379497536417,0.9523109010308024
1985-07-01,33525184.0,37262447.62499999,0.9246251560228697,0.9730476015775912
1985-08-01,34537385.0,37438628.125,0.939372975423802,0.9820451690073678
1985-09-01,33065203.0,37543298.75,0.9049564213839847,0.9732201629451351
1985-10-01,36152511.0,37544849.583333336,0.9834610216746326,0.9791087829103197
1985-11-01,40023030.0,37589778.91666668,1.0245096085262666,1.0392598685199976
1985-12-01,44490674.0,37650049.625,1.1120136790436534,1.0626574773580633
1986-01-01,45453955.0,37680567.458333336,1.1500864088759617,1.0488750913534668
1986-02-01,41349214.0,37684683.833333336,1.0405167960449022,1.0545162766978318
1986-03-01,40523560.0,37728681.04166667,1.0794008712993697,0.9950690168199939
1986-04-01,35552023.0,37822223.45833333,0.9757493991878087,0.963338615844837
1986-05-01,34726911.0,37916288.95833332,0.9561697127631082,0.9578672982520889
1986-06-01,32724594.0,37972620.79166667,0.9091379497536417,0.9479248492246263
1986-07-01,33610315.0,38048450.16666667,0.9246251560228697,0.9553662752407124
1986-08-01,34551047.0,38199242.66666666,0.939372975423802,0.9628716451081745
1986-09-01,34107474.0,38436705.708333336,0.9049564213839847,0.9805635200814479
1986-10-01,37355258.0,38712623.45833332,0.9834610216746326,0.9811648584623692
1986-11-01,41077855.0,38926208.45833332,1.0245096085262666,1.0300293923068833
1986-12-01,44787813.0,39157248.125,1.1120136790436534,1.0285787875661092
1987-01-01,46976721.0,39447920.833333336,1.1500864088759617,1.03544756311049
1987-02-01,43445468.0,39698334.12499999,1.0405167960449022,1.0517756259441593
1987-03-01,44126419.0,39832104.125000015,1.0794008712993697,1.0263197152657781
1987-04-01,38571190.0,39936185.87499999,0.9757493991878087,0.9898244115509974
1987-05-01,36833784.0,40046838.04166667,0.9561697127631082,0.9619292317010157
1987-06-01,36162673.0,40129907.41666667,0.9091379497536417,0.9912029360799686
1987-07-01,37148381.0,40257758.208333336,0.9246251560228697,0.9979863447869735
1987-08-01,37022900.0,40443699.91666667,0.939372975423802,0.9744992129783292
1987-09-01,34846101.0,40608543.91666666,0.9049564213839847,0.9482199918902254
1987-10-01,39114593.0,40685977.708333336,0.9834610216746326,0.9775453337395865
1987-11-01,41974172.0,40695777.79166667,1.0245096085262666,1.0067386653551973
1987-12-01,45885161.0,40671918.958333336,1.1120136790436534,1.0145360105839485
1988-01-01,48947792.0,40646301.875,1.1500864088759617,1.0470841759459744
1988-02-01,45936998.0,40678056.20833332,1.0405167960449022,1.085308797476627
1988-03-01,45591145.0,40731867.20833332,1.0794008712993697,1.036963370942075
1988-04-01,38964875.0,40756134.125,0.9757493991878087,0.9798103258661326
1988-05-01,36675301.0,40726843.29166666,0.9561697127631082,0.9417984129608996
1988-06-01,35748544.0,40720409.333333336,0.9091379497536417,0.9656426438351574
1988-07-01,36947700.0,40713707.04166668,0.9246251560228697,0.9814791008244117
1988-08-01,37985685.0,40629152.625,0.939372975423802,0.9952773848355039
1988-09-01,35174780.0,40551343.458333336,0.9049564213839847,0.9585140361110612
1988-10-01,39368320.0,40504483.083333336,0.9834610216746326,0.988295086534249
1988-11-01,41017465.0,40473921.0,1.0245096085262666,0.9891849511874116
1988-12-01,46687453.0,40426809.375,1.1120136790436534,1.0385336807003815
1989-01-01,47984645.0,40389579.75,1.1500864088759617,1.0330051354028613
1989-02-01,44870839.0,40321055.70833334,1.0405167960449022,1.0695059390232688
1989-03-01,44789884.0,40227371.45833334,1.0794008712993697,1.0315149284253682
1989-04-01,38641487.0,40104104.20833333,0.9757493991878087,0.9874763837290752
1989-05-01,36265199.0,40010362.791666664,0.9561697127631082,0.947943804637623
1989-06-01,35027967.0,40093416.37499999,0.9091379497536417,0.9609749810011144
1989-07-01,36774766.0,40096847.791666664,0.9246251560228697,0.9919139109746441
1989-08-01,36514042.0,39874436.625,0.939372975423802,0.9748264149049861
1989-09-01,34398001.0,39600624.583333336,0.9049564213839847,0.9598502957493588
1989-10-01,37186685.0,39388200.583333336,0.9834610216746326,0.9599843923935265
1989-11-01,40949306.0,39258631.45833334,1.0245096085262666,1.0181115252722763
1989-12-01,48748898.0,39134321.87500001,1.1120136790436534,1.1202033325421925
1990-01-01,46005554.0,39010598.54166667,1.1500864088759617,1.025409129760646
1990-02-01,41512062.0,38944834.833333336,1.0405167960449022,1.0244136224820188
1990-03-01,41577172.0,38929291.37499999,1.0794008712993697,0.9894541706525293
1990-04-01,36756023.0,38979655.45833334,0.9757493991878087,0.9663895520624836
1990-05-01,35041004.0,39029162.708333336,0.9561697127631082,0.938971311948545
1990-06-01,33268732.0,38933293.33333334,0.9091379497536417,0.9399079434406883
1990-07-01,35564641.0,39001739.583333336,0.9246251560228697,0.9862085105773446
1990-08-01,36145838.0,39192091.416666664,0.939372975423802,0.981797216390016
1990-09-01,34393162.0,39330982.25,0.9049564213839847,0.9662948094656431
1990-10-01,38400262.0,39522090.125,0.9834610216746326,0.9879549271421189
1990-11-01,40923903.0,39688102.95833333,1.0245096085262666,1.0064696193372085
1990-12-01,46473436.0,39848688.91666667,1.1120136790436534,1.0487708708095484
1991-01-01,49923726.0,39976596.5,1.1500864088759617,1.085852168645337
1991-02-01,42162334.0,40123843.95833334,1.0405167960449022,1.0098875461415846
1991-03-01,44260280.0,40313621.16666668,1.0794008712993697,1.0171373035819404
1991-04-01,38659504.0,40492094.125,0.9757493991878087,0.9784705245445928
1991-05-01,37121831.0,40649298.66666667,0.9561697127631082,0.9550835152638615
1991-06-01,35041968.0,40772527.04166667,0.9091379497536417,0.9453466130014809
1991-07-01,36861187.0,40830584.91666667,0.9246251560228697,0.9763780552277155
1991-08-01,38383231.0,41004805.625000015,0.939372975423802,0.9964802837945586
1991-09-01,36710422.0,41217970.041666664,0.9049564213839847,0.9841813060702852
1991-10-01,40366353.0,41322503.58333335,0.9834610216746326,0.9932892514141268
1991-11-01,42730721.0,41401289.20833334,1.0245096085262666,1.007419423394273
1991-12-01,47624099.0,41433989.04166667,1.1120136790436534,1.0336176004857243
1992-01-01,50166452.0,41436352.958333336,1.1500864088759617,1.0526921680940136
1992-02-01,46100905.0,41414140.625,1.0405167960449022,1.069822437605021
1992-03-01,45437655.0,41411169.083333336,1.0794008712993697,1.01651935943108
1992-04-01,39990934.0,41479600.75,0.9757493991878087,0.988072215687864
1992-05-01,37681256.0,41606106.24999999,0.9561697127631082,0.9471817323468538
1992-06-01,35267339.0,41735002.958333336,0.9091379497536417,0.9294851531172937
1992-07-01,36692550.0,41832819.70833334,0.9246251560228697,0.9486260594525718
1992-08-01,38018772.0,41918857.208333336,0.939372975423802,0.9654962443930574
1992-09-01,37003564.0,42028370.125000015,0.9049564213839847,0.9729115090102491
1992-10-01,41715571.0,42090814.79166667,0.9834610216746326,1.0077520907291275
1992-11-01,44417635.0,42055203.04166667,1.0245096085262666,1.0309074094555812
1992-12-01,49030706.0,42038831.91666668,1.1120136790436534,1.0488354959903952
1993-01-01,51107447.0,42141471.41666667,1.1500864088759617,1.0544937749875654
1993-02-01,47224810.0,42337868.08333335,1.0405167960449022,1.0719934675757723
1993-03-01,46942060.0,42491832.625000015,1.0794008712993697,1.0234671736163856
1993-04-01,39985201.0,42548264.75,0.9757493991878087,0.9631171982138941
1993-05-01,36832307.0,42582388.958333336,0.9561697127631082,0.904615273753432
1993-06-01,35723381.0,42603819.91666667,0.9091379497536417,0.9223042895151721
1993-07-01,38699856.0,42776352.125,0.9246251560228697,0.9784528395195253
1993-08-01,40724986.0,43037689.50000001,0.939372975423802,1.0073350230954898
1993-09-01,37992499.0,43220732.833333336,0.9049564213839847,0.971355197504601
1993-10-01,42081007.0,43405531.62500001,0.9834610216746326,0.9857888288561473
1993-11-01,44871180.0,43634957.54166668,1.0245096085262666,1.0037299819891055
1993-12-01,49091504.0,43915394.91666667,1.1120136790436534,1.005262345831545
1994-01-01,55187422.0,44173502.625,1.1500864088759617,1.08629504609224
1994-02-01,49416932.0,44336800.33333334,1.0405167960449022,1.0711797058817836
1994-03-01,49142978.0,44436359.41666667,1.0794008712993697,1.0245666975439112
1994-04-01,42219454.0,44436992.58333334,0.9757493991878087,0.9737100689872384
1994-05-01,40104276.0,44386622.458333336,0.9561697127631082,0.9449386179611874
1994-06-01,39181909.0,44421576.54166667,0.9091379497536417,0.9702012663143724
1994-07-01,41435913.0,44314503.5,0.9246251560228697,1.0112657991507714
1994-08-01,41908074.0,44106602.08333333,0.939372975423802,1.011477062472512
1994-09-01,39198829.0,43998015.16666667,0.9049564213839847,0.9844923419590852
1994-10-01,40889873.0,44022233.16666667,0.9834610216746326,0.9444664606207737
1994-11-01,44853431.0,44126055.125,1.0245096085262666,0.9921664340329638
1994-12-01,49948151.0,44216704.25,1.1120136790436534,1.0158344047737533
1995-01-01,51761022.0,44294026.75000001,1.1500864088759617,1.0160783737026988
1995-02-01,47853698.0,44375256.45833334,1.0405167960449022,1.0363955354660312
1995-03-01,48100126.0,44441800.250000015,1.0794008712993697,1.0027018279910027
1995-04-01,43843538.0,44469116.41666667,0.9757493991878087,1.010435974340687
1995-05-01,40971919.0,44544835.29166667,0.9561697127631082,0.9619532471764323
1995-06-01,40489845.0,44678840.875000015,0.9091379497536417,0.9968146911909914
1995-07-01,41983717.0,44861292.04166667,0.9246251560228697,1.0121465601363733
1995-08-01,43309783.0,45038803.54166669,0.939372975423802,1.0236726516736556
1995-09-01,39394171.0,45170062.91666667,0.9049564213839847,0.9637260630198268
1995-10-01,41350119.0,45225571.750000015,0.9834610216746326,0.9296844048860048
1995-11-01,46210438.0,45250160.33333334,1.0245096085262666,0.9967905837100003
1995-12-01,51807278.0,45285333.125,1.1120136790436534,1.0287813395744971
1996-01-01,54280723.0,45326348.25000001,1.1500864088759617,1.0412725537414897
1996-02-01,49594273.0,45413503.5,1.0405167960449022,1.04953620767053
1996-03-01,49509776.0,45547300.29166667,1.0794008712993697,1.0070373000187782
1996-04-01,43766100.0,45754107.91666667,0.9757493991878087,0.980323613034615
1996-05-01,41639483.0,45967419.70833334,0.9561697127631082,0.9473712901906277
1996-06-01,40666428.0,46022453.66666667,0.9091379497536417,0.9719333207029548
1996-07-01,42791497.0,46031188.87500001,0.9246251560228697,1.0054016256552207
1996-08-01,44593729.0,45991305.083333336,0.939372975423802,1.0321908258948043
1996-09-01,41321348.0,45952494.625,0.9049564213839847,0.9936598038418102
1996-10-01,44386325.0,46047228.333333336,0.9834610216746326,0.9801409687585239
1996-11-01,48293715.0,46134886.208333336,1.0245096085262666,1.0217511265533226
1996-12-01,51044816.0,46184573.20833335,1.1120136790436534,0.9939043203161836
1997-01-01,55252830.0,46242471.29166667,1.1500864088759617,1.0389221850952668
1997-02-01,47664955.0,46244190.87500001,1.0405167960449022,0.9905876456242549
1997-03-01,50507643.0,46188106.95833334,1.0794008712993697,1.0130810107062176
1997-04-01,45041842.0,46167029.33333333,0.9757493991878087,0.999875483869904
1997-05-01,42467530.0,46125664.45833334,0.9561697127631082,0.9628960027093197
1997-06-01,41030869.0,46146797.70833333,0.9091379497536417,0.9780011358918989
1997-07-01,43816610.0,46065767.958333336,0.9246251560228697,1.0287142443077852
1997-08-01,43609886.0,45839389.583333336,0.939372975423802,1.01276355302821
1997-09-01,40959177.0,45690910.333333336,0.9049564213839847,0.9905895558515534
1997-10-01,44242633.0,45572318.75,0.9834610216746326,0.9871489477855588
1997-11-01,47444650.0,45484530.125000015,1.0245096085262666,1.0181399968572764
1997-12-01,52401079.0,45486276.75,1.1120136790436534,1.0359760388987167
1998-01-01,51951853.0,45537226.54166667,1.1500864088759617,0.9919824641947157
1998-02-01,45532851.0,45664692.708333336,1.0405167960449022,0.9582861461565354
1998-03-01,49076245.0,45799439.12500001,1.0794008712993697,0.9927237270887008
1998-04-01,43627042.0,45747233.16666667,0.9757493991878087,0.9773556833432928
1998-05-01,41775403.0,45576155.125,0.9561697127631082,0.9586232996861968
1998-06-01,41764915.0,45406366.20833334,0.9091379497536417,1.0117310243809368
1998-07-01,44305359.0,45370749.25,0.9246251560228697,1.0561232505038431
1998-08-01,46180325.0,45420351.33333332,0.939372975423802,1.0823517753494294
1998-09-01,41622652.0,45403026.95833333,0.9049564213839847,1.0130182612393757
1998-10-01,42326215.0,45377121.37499999,0.9834610216746326,0.9484519637607309
1998-11-01,45255195.0,45396519.95833333,1.0245096085262666,0.9730380940587682
1998-12-01,50515600.0,45458125.29166667,1.1120136790436534,0.9993183559038774
1999-01-01,52982525.0,45570023.375,1.1500864088759617,1.010934293439723
1999-02-01,45692629.0,45611094.91666667,1.0405167960449022,0.96277887777748
1999-03-01,48500682.0,45679085.750000015,1.0794008712993697,0.9836660401501867
1999-04-01,43580871.0,45949499.83333334,0.9757493991878087,0.9720236344806971
1999-05-01,42287140.0,46205208.583333336,0.9561697127631082,0.9571552711924002
1999-06-01,42731706.0,46398389.708333336,0.9091379497536417,1.0130188734288423
1999-07-01,46024122.0,46686454.79166667,0.9246251560228697,1.066176021387751
1999-08-01,45447279.0,47139094.375000015,0.939372975423802,1.026333701123153
1999-09-01,43987478.0,47497787.25,0.9049564213839847,1.0233590126070606
1999-10-01,46451327.0,47668415.875000015,0.9834610216746326,0.9908553388855708
1999-11-01,47267093.0,47887724.125,1.0245096085262666,0.963426659829559
1999-12-01,53140049.0,48088769.125,1.1120136790436534,0.9937294481334112
2000-01-01,57271638.0,48165351.583333336,1.1500864088759617,1.0338901514249443
2000-02-01,52266866.0,48258425.583333336,1.0405167960449022,1.0408885131537229
2000-03-01,50535074.0,48350336.54166667,1.0794008712993697,0.968301579692418
2000-04-01,45641566.0,48311765.0,0.9757493991878087,0.9682095017450615
2000-05-01,45489843.0,48329846.583333336,0.9561697127631082,0.9843828490599899
2000-06-01,44354083.0,48504383.083333336,0.9091379497536417,1.0058259425298421
2000-07-01,46239724.0,48539797.083333336,0.9246251560228697,1.0302712282057767
2000-08-01,47465453.0,48397851.333333336,0.939372975423802,1.0440312229772712
2000-09-01,44175167.0,48374497.0,0.9049564213839847,1.0090996875569225
2000-10-01,45337921.0,48422541.125,0.9834610216746326,0.9520436767005781
2000-11-01,48814457.0,48396400.54166667,1.0245096085262666,0.9845082604874583
2000-12-01,55781561.0,48342247.79166667,1.1120136790436534,1.0376566979455863
2001-01-01,55480062.0,48240679.375,1.1500864088759617,0.9999839998389508
2001-02-01,50651744.0,48095567.083333336,1.0405167960449022,1.0121392305958516
2001-03-01,51589692.0,47883199.54166667,1.0794008712993697,0.9981527523107053
2001-04-01,45740007.0,47700788.125,0.9757493991878087,0.9827258489057527
2001-05-01,44764028.0,47579711.583333336,0.9561697127631082,0.9839485058011044
2001-06-01,43780232.0,47321288.375,0.9091379497536417,1.0176342413051038
2001-07-01,44375933.0,47109247.375,0.9246251560228697,1.0187687767636417
2001-08-01,45846549.0,47037073.208333336,0.939372975423802,1.0375960217918505
2001-09-01,40697250.0,47036599.083333336,0.9049564213839847,0.9560959638507425
2001-10-01,44437964.0,47114693.125,0.9834610216746326,0.959048640865877
2001-11-01,46808577.0,47148162.625,1.0245096085262666,0.9690465280889263
2001-12-01,51585284.0,47129965.04166667,1.1120136790436534,0.9842798142976552
2002-01-01,54587355.0,47281484.208333336,1.1500864088759617,1.0038538272949726
2002-02-01,49812271.0,47505579.333333336,1.0405167960449022,1.0077263821332811
2002-03-01,52417786.0,47677418.66666667,1.0794008712993697,1.0185519280515054
2002-04-01,46786170.0,47880472.5,0.9757493991878087,1.0014304080931549
2002-05-01,44521133.0,48041199.5,0.9561697127631082,0.9692088755467585
2002-06-01,43586385.0,48166810.66666667,0.9091379497536417,0.9953439321091879
2002-07-01,48206240.0,48355861.16666667,0.9246251560228697,1.078172949688773
2002-08-01,47394525.0,48604650.04166667,0.939372975423802,1.0380357062285033
2002-09-01,43273418.0,48701167.79166667,0.9049564213839847,0.9818703792827831
2002-10-01,46735088.0,48625879.49999999,0.9834610216746326,0.9772787226950759
2002-11-01,48368901.0,48502489.41666667,1.0245096085262666,0.9733883730597401
2002-12-01,53039628.0,48323012.25,1.1120136790436534,0.9870436100597276
2003-01-01,57670223.0,48093085.66666667,1.1500864088759617,1.0426499268741367
2003-02-01,52700336.0,47888665.583333336,1.0405167960449022,1.0576246237062852
2003-03-01,51846147.0,47682662.00000001,1.0794008712993697,1.007333389820661
2003-04-01,45550890.0,47401683.125,0.9757493991878087,0.9848380319612381
2003-05-01,42795051.0,47165471.083333336,0.9561697127631082,0.9489304629320671
2003-06-01,41005015.0,47052245.16666667,0.9091379497536417,0.9585766308977138
2003-07-01,45269372.0,47034934.708333336,0.9246251560228697,1.0409220762146176
2003-08-01,45425311.0,46956672.20833334,0.939372975423802,1.0298228794989823
2003-09-01,40298546.0,46756073.916666664,0.9049564213839847,0.9524094023569826
2003-10-01,42966467.0,46595624.08333334,0.9834610216746326,0.9376210734317822
2003-11-01,46468433.0,46530326.04166667,1.0245096085262666,0.9747783974232188
2003-12-01,52222674.0,46550801.833333336,1.1120136790436534,1.0088388767679046
2004-01-01,58071726.0,46614068.583333336,1.1500864088759617,1.083221452241834
2004-02-01,50420533.0,46673286.208333336,1.0405167960449022,1.0382213542160434
2004-03-01,49311591.0,46787356.29166667,1.0794008712993697,0.9764224235917135
2004-04-01,44234650.0,46986526.25,0.9757493991878087,0.9648303677637429
2004-05-01,42544138.0,47193744.375,0.9561697127631082,0.9428015976811357
2004-06-01,41747347.0,47448320.0,0.9091379497536417,0.9677835927020776
2004-07-01,46045442.0,47632175.333333336,0.9246251560228697,1.0454915457162162
2004-08-01,46070464.0,47682164.54166667,0.939372975423802,1.028557469184846
2004-09-01,42391075.0,47896528.75,0.9049564213839847,0.9780087142607055
2004-10-01,45654017.0,48180010.79166667,0.9834610216746326,0.9635071712984384
2004-11-01,48754118.0,48382986.91666667,1.0245096085262666,0.9835639271012353
2004-12-01,56046804.0,48658950.708333336,1.1120136790436534,1.035804953140262
2005-01-01,58660124.0,48935409.125,1.1500864088759617,1.0422917059639718
2005-02-01,51031876.0,49174957.583333336,1.0405167960449022,0.9973519586392569
2005-03-01,53844989.0,49395806.708333336,1.0794008712993697,1.0098862188843685
2005-04-01,46504821.0,49540713.125,0.9757493991878087,0.9620495276607299
2005-05-01,45145394.0,49662931.66666667,0.9561697127631082,0.9507057303999955
2005-06-01,45769222.0,49773998.83333332,0.9091379497536417,1.0114425275690895
2005-07-01,48658569.0,49725125.62499999,0.9246251560228697,1.0583217915395613
2005-08-01,49206500.0,49701030.25,0.939372975423802,1.0539476068828437
2005-09-01,44555418.0,49780016.95833332,0.9049564213839847,0.9890490180789047
2005-10-01,46967428.0,49783087.25,0.9834610216746326,0.9593074141152902
2005-11-01,50373952.0,49780972.16666667,1.0245096085262666,0.9877035495410366
2005-12-01,57092582.0,49734013.54166667,1.1120136790436534,1.0323240530029927
2006-01-01,56441389.0,49689953.375,1.1500864088759617,0.9876399130771546
2006-02-01,52672322.0,49637737.45833332,1.0405167960449022,1.0198149905610998
2006-03-01,54100224.0,49459360.16666667,1.0794008712993697,1.0133694446524246
2006-04-01,46323273.0,49276944.083333336,0.9757493991878087,0.9634233712453779
2006-05-01,45276180.0,49090157.375,0.9561697127631082,0.9645847031954364
2006-06-01,44511429.0,48863050.41666667,0.9091379497536417,1.0019848957153354
2006-07-01,48858918.0,48820353.66666667,0.9246251560228697,1.0823736697508335
2006-08-01,47752969.0,48987700.83333332,0.939372975423802,1.0377082268011506
2006-09-01,41727894.0,49093228.79166666,0.9049564213839847,0.9392413508337482
2006-10-01,45416966.0,49205212.62499999,0.9834610216746326,0.9385336620478358
2006-11-01,47441533.0,49402796.16666666,1.0245096085262666,0.93732704462919
2006-12-01,54574434.0,49554328.54166666,1.1120136790436534,0.9903700877240735
2007-01-01,57934815.0,49579166.25,1.1500864088759617,1.0160379606426766
2007-02-01,55195228.0,49555515.083333336,1.0405167960449022,1.0704353482912072
2007-03-01,54109989.0,49614361.25,1.0794008712993697,1.0103858997129327
2007-04-01,49001120.0,49704462.91666667,0.9757493991878087,1.0103511235031435
2007-05-01,47340338.0,49910072.91666667,0.9561697127631082,0.9919919936290731
2007-06-01,46084048.0,50182546.08333333,0.9091379497536417,1.01010876937799
2007-07-01,47882404.0,,0.9246251560228697,
2007-08-01,48161855.0,,0.939372975423802,
2007-09-01,42731316.0,,0.9049564213839847,
2007-10-01,46575984.0,,0.9834610216746326,
2007-11-01,51217155.0,,1.0245096085262666,
2007-12-01,57338168.0,,1.1120136790436534,
